Matchday,MatchID,KickOff,Home,Away,Stadium
1,477,2023-02-26 00:30,Atlanta United,San Jose Earthquakes,Mercedes-Benz Stadium
1,478,2023-02-26 01:30,Austin FC,St. Louis City SC,Q2 Stadium
1,479,2023-02-26 00:30,Charlotte FC,New England Revolution,Bank of America Stadium
1,480,2023-02-26 00:30,FC Cincinnati,Houston Dynamo FC,TQL Stadium
1,481,2023-02-26 01:30,FC Dallas,Minnesota United FC,Toyota Stadium
1,482,2023-02-26 00:30,D.C. United,Toronto FC,Audi Field
1,483,2023-02-26 02:30,LA Galaxy,Los Angeles Football Club,Dignity Health Sports Park
1,484,2023-02-26 00:30,Inter Miami CF,CF Montréal,DRV PNK Stadium
1,485,2023-02-25 21:30,Nashville SC,New York City FC,GEODIS Park
1,486,2023-02-26 00:30,Orlando City SC,New York Red Bulls,Exploria Stadium
1,487,2023-02-26 00:30,Philadelphia Union,Columbus Crew,Subaru Park
1,488,2023-02-26 03:30,Portland Timbers,Sporting Kansas City,Providence Park
1,489,2023-02-26 03:30,Vancouver Whitecaps FC,Real Salt Lake,BC Place
1,490,2023-02-27 01:00,Seattle Sounders FC,Colorado Rapids,Lumen Field
2,491,2023-03-05 00:30,Atlanta United,Toronto FC,Mercedes-Benz Stadium
2,492,2023-03-05 01:30,Austin FC,CF Montréal,Q2 Stadium
2,493,2023-03-05 01:30,Chicago Fire FC,New York City FC,Soldier Field
2,494,2023-03-05 02:30,Colorado Rapids,Sporting Kansas City,Dick's Sporting Goods Park
2,495,2023-03-05 00:30,Columbus Crew,D.C. United,Lower.com Field
2,496,2023-03-05 01:30,FC Dallas,LA Galaxy,Toyota Stadium
2,497,2023-03-04 21:30,Los Angeles Football Club,Portland Timbers,BMO Stadium
2,498,2023-03-05 00:30,Inter Miami CF,Philadelphia Union,DRV PNK Stadium
2,499,2023-03-05 00:30,New England Revolution,Houston Dynamo FC,Gillette Stadium
2,500,2023-03-05 00:30,New York Red Bulls,Nashville SC,Red Bull Arena
2,501,2023-03-05 00:30,Orlando City SC,FC Cincinnati,Exploria Stadium
2,502,2023-03-05 03:30,San Jose Earthquakes,Vancouver Whitecaps FC,PayPal Park
2,503,2023-03-05 03:30,Seattle Sounders FC,Real Salt Lake,Lumen Field
2,504,2023-03-05 01:30,St. Louis City SC,Charlotte FC,City Park
3,505,2023-03-11 17:00,Charlotte FC,Atlanta United,Bank of America Stadium
3,506,2023-03-12 00:30,FC Cincinnati,Seattle Sounders FC,TQL Stadium
3,507,2023-03-12 00:30,D.C. United,Orlando City SC,Audi Field
3,508,2023-03-12 01:30,Sporting Kansas City,LA Galaxy,Children's Mercy Park
3,509,2023-03-12 01:30,Minnesota United FC,New York Red Bulls,Allianz Field
3,510,2023-03-12 01:30,Nashville SC,CF Montréal,GEODIS Park
3,511,2023-03-12 00:30,New York City FC,Inter Miami CF,Yankee Stadium
3,512,2023-03-12 00:30,Philadelphia Union,Chicago Fire FC,Subaru Park
3,513,2023-03-12 03:30,Portland Timbers,St. Louis City SC,Providence Park
3,514,2023-03-12 02:30,Real Salt Lake,Austin FC,America First Field
3,515,2023-03-12 03:30,San Jose Earthquakes,Colorado Rapids,PayPal Park
3,516,2023-03-12 00:30,Toronto FC,Columbus Crew,BMO Field
3,517,2023-03-11 22:00,Vancouver Whitecaps FC,FC Dallas,BC Place
3,518,2023-03-13 03:30,Los Angeles Football Club,New England Revolution,BMO Stadium
4,519,2023-03-19 00:30,Atlanta United,Portland Timbers,Mercedes-Benz Stadium
4,520,2023-03-19 01:30,Chicago Fire FC,FC Cincinnati,Soldier Field
4,521,2023-03-19 02:30,Colorado Rapids,Minnesota United FC,Dick's Sporting Goods Park
4,522,2023-03-19 01:30,FC Dallas,Sporting Kansas City,Toyota Stadium
4,523,2023-03-19 01:30,Houston Dynamo FC,Austin FC,Shell Energy Stadium
4,524,2023-03-19 03:30,LA Galaxy,Vancouver Whitecaps FC,Dignity Health Sports Park
4,525,2023-03-19 00:30,CF Montréal,Philadelphia Union,Stade Saputo
4,526,2023-03-19 00:30,New England Revolution,Nashville SC,Gillette Stadium
4,527,2023-03-19 00:30,New York City FC,D.C. United,Yankee Stadium
4,528,2023-03-19 00:30,New York Red Bulls,Columbus Crew,Red Bull Arena
4,529,2023-03-19 00:30,Orlando City SC,Charlotte FC,Exploria Stadium
4,530,2023-03-18 20:00,Seattle Sounders FC,Los Angeles Football Club,Lumen Field
4,531,2023-03-19 01:30,St. Louis City SC,San Jose Earthquakes,City Park
4,532,2023-03-19 00:30,Toronto FC,Inter Miami CF,BMO Field
5,533,2023-03-26 01:30,Austin FC,Colorado Rapids,Q2 Stadium
5,534,2023-03-26 00:30,Charlotte FC,New York Red Bulls,Bank of America Stadium
5,535,2023-03-26 00:30,Columbus Crew,Atlanta United,Lower.com Field
5,536,2023-03-26 00:30,D.C. United,New England Revolution,Audi Field
5,537,2023-03-26 01:30,Houston Dynamo FC,New York City FC,Shell Energy Stadium
5,538,2023-03-26 01:30,Sporting Kansas City,Seattle Sounders FC,Children's Mercy Park
5,539,2023-03-26 03:30,Los Angeles Football Club,FC Dallas,BMO Stadium
5,540,2023-03-26 00:30,Inter Miami CF,Chicago Fire FC,DRV PNK Stadium
5,541,2023-03-26 01:30,Minnesota United FC,Vancouver Whitecaps FC,Allianz Field
5,542,2023-03-26 01:30,Nashville SC,FC Cincinnati,GEODIS Park
5,543,2023-03-26 00:30,Philadelphia Union,Orlando City SC,Subaru Park
5,544,2023-03-25 21:30,Portland Timbers,LA Galaxy,Providence Park
5,545,2023-03-26 02:30,Real Salt Lake,St. Louis City SC,America First Field
5,546,2023-03-26 03:30,San Jose Earthquakes,Toronto FC,PayPal Park
6,547,2023-04-02 00:30,Atlanta United,New York Red Bulls,Mercedes-Benz Stadium
6,548,2023-04-02 01:30,Chicago Fire FC,D.C. United,Soldier Field
6,549,2023-04-02 00:30,FC Cincinnati,Inter Miami CF,TQL Stadium
6,550,2023-04-02 02:30,Colorado Rapids,Los Angeles Football Club,Dick's Sporting Goods Park
6,551,2023-04-02 00:30,Columbus Crew,Real Salt Lake,Lower.com Field
6,552,2023-04-02 01:30,FC Dallas,Portland Timbers,Toyota Stadium
6,553,2023-04-02 00:30,LA Galaxy,Seattle Sounders FC,Dignity Health Sports Park
6,554,2023-04-02 00:30,New England Revolution,New York City FC,Gillette Stadium
6,555,2023-04-02 00:30,Orlando City SC,Nashville SC,Exploria Stadium
6,556,2023-04-02 00:30,Philadelphia Union,Sporting Kansas City,Subaru Park
6,557,2023-04-02 03:30,San Jose Earthquakes,Houston Dynamo FC,PayPal Park
6,558,2023-04-02 01:30,St. Louis City SC,Minnesota United FC,City Park
6,559,2023-04-02 00:30,Toronto FC,Charlotte FC,BMO Field
6,560,2023-04-02 03:30,Vancouver Whitecaps FC,CF Montréal,BC Place
7,561,2023-04-09 01:30,Chicago Fire FC,Minnesota United FC,Soldier Field
7,562,2023-04-09 00:30,FC Cincinnati,Philadelphia Union,TQL Stadium
7,563,2023-04-09 00:30,D.C. United,Columbus Crew,Audi Field
7,564,2023-04-09 01:30,Houston Dynamo FC,LA Galaxy,Shell Energy Stadium
7,565,2023-04-09 01:30,Sporting Kansas City,Colorado Rapids,Children's Mercy Park
7,566,2023-04-09 00:30,Los Angeles Football Club,Austin FC,BMO Stadium
7,567,2023-04-09 00:30,Inter Miami CF,FC Dallas,DRV PNK Stadium
7,568,2023-04-09 01:30,Nashville SC,Toronto FC,GEODIS Park
7,569,2023-04-09 00:30,New England Revolution,CF Montréal,Gillette Stadium
7,570,2023-04-09 00:30,New York City FC,Atlanta United,Yankee Stadium
7,571,2023-04-09 00:30,New York Red Bulls,San Jose Earthquakes,Red Bull Arena
7,572,2023-04-09 02:30,Real Salt Lake,Charlotte FC,America First Field
7,573,2023-04-09 03:30,Seattle Sounders FC,St. Louis City SC,Lumen Field
7,574,2023-04-09 03:30,Vancouver Whitecaps FC,Portland Timbers,BC Place
8,575,2023-04-16 01:30,Austin FC,Vancouver Whitecaps FC,Q2 Stadium
8,576,2023-04-16 00:30,Charlotte FC,Colorado Rapids,Bank of America Stadium
8,577,2023-04-16 01:30,Chicago Fire FC,Philadelphia Union,Soldier Field
8,578,2023-04-16 00:30,Columbus Crew,New England Revolution,Lower.com Field
8,579,2023-04-16 01:30,FC Dallas,Real Salt Lake,Toyota Stadium
8,580,2023-04-16 01:30,Minnesota United FC,Orlando City SC,Allianz Field
8,581,2023-04-16 00:30,CF Montréal,D.C. United,Stade Saputo
8,582,2023-04-16 00:30,New York City FC,Nashville SC,Yankee Stadium
8,583,2023-04-16 00:30,New York Red Bulls,Houston Dynamo FC,Red Bull Arena
8,584,2023-04-16 03:30,Portland Timbers,Seattle Sounders FC,Providence Park
8,585,2023-04-16 03:30,San Jose Earthquakes,Sporting Kansas City,PayPal Park
8,586,2023-04-16 01:30,St. Louis City SC,FC Cincinnati,City Park
8,587,2023-04-16 00:30,Toronto FC,Atlanta United,BMO Field
8,588,2023-04-16 21:30,LA Galaxy,Los Angeles Football Club,Dignity Health Sports Park
9,589,2023-04-23 00:30,Charlotte FC,Columbus Crew,Bank of America Stadium
9,590,2023-04-23 00:30,FC Cincinnati,Portland Timbers,TQL Stadium
9,591,2023-04-23 02:30,Colorado Rapids,St. Louis City SC,Dick's Sporting Goods Park
9,592,2023-04-23 01:30,Houston Dynamo FC,Inter Miami CF,Shell Energy Stadium
9,593,2023-04-23 03:30,LA Galaxy,Austin FC,Dignity Health Sports Park
9,594,2023-04-23 00:30,CF Montréal,New York Red Bulls,Stade Saputo
9,595,2023-04-23 01:30,Nashville SC,Los Angeles Football Club,GEODIS Park
9,596,2023-04-23 00:30,New England Revolution,Sporting Kansas City,Gillette Stadium
9,597,2023-04-23 00:30,New York City FC,FC Dallas,Yankee Stadium
9,598,2023-04-23 00:30,Orlando City SC,D.C. United,Exploria Stadium
9,599,2023-04-23 00:30,Philadelphia Union,Toronto FC,Subaru Park
9,600,2023-04-23 02:30,Real Salt Lake,San Jose Earthquakes,America First Field
9,601,2023-04-23 03:30,Seattle Sounders FC,Minnesota United FC,Lumen Field
9,602,2023-04-23 21:30,Atlanta United,Chicago Fire FC,Mercedes-Benz Stadium
10,603,2023-04-30 01:30,Austin FC,San Jose Earthquakes,Q2 Stadium
10,604,2023-04-30 01:30,Chicago Fire FC,New York Red Bulls,Soldier Field
10,605,2023-04-30 00:30,Columbus Crew,Inter Miami CF,Lower.com Field
10,606,2023-04-30 00:30,D.C. United,Charlotte FC,Audi Field
10,607,2023-04-30 01:30,Sporting Kansas City,CF Montréal,Children's Mercy Park
10,608,2023-04-30 03:30,Los Angeles Football Club,Houston Dynamo FC,BMO Stadium
10,609,2023-04-29 18:30,Nashville SC,Atlanta United,GEODIS Park
10,610,2023-04-30 00:30,New England Revolution,FC Cincinnati,Gillette Stadium
10,611,2023-04-30 00:30,Orlando City SC,LA Galaxy,Exploria Stadium
10,612,2023-04-30 02:30,Real Salt Lake,Seattle Sounders FC,America First Field
10,613,2023-04-30 01:30,St. Louis City SC,Portland Timbers,City Park
10,614,2023-04-30 00:30,Toronto FC,New York City FC,BMO Field
10,615,2023-04-30 03:30,Vancouver Whitecaps FC,Colorado Rapids,BC Place
10,616,2023-05-01 02:00,Minnesota United FC,FC Dallas,Allianz Field
11,617,2023-05-07 00:30,Charlotte FC,New York City FC,Bank of America Stadium
11,618,2023-05-07 00:30,FC Cincinnati,D.C. United,TQL Stadium
11,619,2023-05-07 01:30,FC Dallas,St. Louis City SC,Toyota Stadium
11,620,2023-05-07 01:30,Houston Dynamo FC,Real Salt Lake,Shell Energy Stadium
11,621,2023-05-07 03:30,LA Galaxy,Colorado Rapids,Dignity Health Sports Park
11,622,2023-05-07 00:30,Inter Miami CF,Atlanta United,DRV PNK Stadium
11,623,2023-05-07 00:30,CF Montréal,Orlando City SC,Stade Saputo
11,624,2023-05-07 01:30,Nashville SC,Chicago Fire FC,GEODIS Park
11,625,2023-05-07 00:30,New York Red Bulls,Philadelphia Union,Red Bull Arena
11,626,2023-05-07 03:30,Portland Timbers,Austin FC,Providence Park
11,627,2023-05-07 00:30,San Jose Earthquakes,Los Angeles Football Club,PayPal Park
11,628,2023-05-07 00:30,Toronto FC,New England Revolution,BMO Field
11,629,2023-05-07 03:30,Vancouver Whitecaps FC,Minnesota United FC,BC Place
11,630,2023-05-07 21:30,Seattle Sounders FC,Sporting Kansas City,Lumen Field
12,631,2023-05-14 00:30,Atlanta United,Charlotte FC,Mercedes-Benz Stadium
12,632,2023-05-14 01:30,Austin FC,FC Dallas,Q2 Stadium
12,633,2023-05-13 05:00,Chicago Fire FC,St. Louis City SC,Soldier Field
12,634,2023-05-14 02:30,Colorado Rapids,Philadelphia Union,Dick's Sporting Goods Park
12,635,2023-05-14 00:30,Columbus Crew,Orlando City SC,Lower.com Field
12,636,2023-05-14 00:30,D.C. United,Nashville SC,Audi Field
12,637,2023-05-14 01:30,Houston Dynamo FC,Seattle Sounders FC,Shell Energy Stadium
12,638,2023-05-14 01:30,Sporting Kansas City,Minnesota United FC,Children's Mercy Park
12,639,2023-05-14 00:30,Inter Miami CF,New England Revolution,DRV PNK Stadium
12,640,2023-05-14 00:30,CF Montréal,Toronto FC,Stade Saputo
12,641,2023-05-14 00:30,New York Red Bulls,New York City FC,Red Bull Arena
12,642,2023-05-14 03:30,Portland Timbers,Vancouver Whitecaps FC,Providence Park
12,643,2023-05-14 02:30,Real Salt Lake,Los Angeles Football Club,America First Field
12,644,2023-05-15 02:30,LA Galaxy,San Jose Earthquakes,Dignity Health Sports Park
13,645,2023-05-18 00:30,Atlanta United,Colorado Rapids,Mercedes-Benz Stadium
13,646,2023-05-18 00:30,Charlotte FC,Chicago Fire FC,Bank of America Stadium
13,647,2023-05-18 00:30,FC Cincinnati,CF Montréal,TQL Stadium
13,648,2023-05-18 00:30,Columbus Crew,LA Galaxy,Lower.com Field
13,649,2023-05-18 01:30,FC Dallas,Vancouver Whitecaps FC,Toyota Stadium
13,650,2023-05-18 03:30,Los Angeles Football Club,Sporting Kansas City,BMO Stadium
13,651,2023-05-18 01:30,Minnesota United FC,Houston Dynamo FC,Allianz Field
13,652,2023-05-18 01:30,Nashville SC,Inter Miami CF,GEODIS Park
13,653,2023-05-18 00:30,Orlando City SC,New York City FC,Exploria Stadium
13,654,2023-05-18 00:30,Philadelphia Union,D.C. United,Subaru Park
13,655,2023-05-18 02:30,Real Salt Lake,Portland Timbers,America First Field
13,656,2023-05-18 03:30,Seattle Sounders FC,Austin FC,Lumen Field
13,657,2023-05-18 00:30,Toronto FC,New York Red Bulls,BMO Field
14,658,2023-05-21 01:30,Austin FC,Toronto FC,Q2 Stadium
14,659,2023-05-21 00:30,Charlotte FC,Nashville SC,Bank of America Stadium
14,660,2023-05-21 01:30,Chicago Fire FC,Atlanta United,Soldier Field
14,661,2023-05-21 00:30,FC Cincinnati,Columbus Crew,TQL Stadium
14,662,2023-05-21 02:30,Colorado Rapids,Real Salt Lake,Dick's Sporting Goods Park
14,663,2023-05-21 01:30,FC Dallas,Houston Dynamo FC,Toyota Stadium
14,664,2023-05-21 00:30,D.C. United,LA Galaxy,Audi Field
14,665,2023-05-21 03:30,Los Angeles Football Club,San Jose Earthquakes,BMO Stadium
14,666,2023-05-21 00:30,Inter Miami CF,Orlando City SC,DRV PNK Stadium
14,667,2023-05-21 00:30,New York Red Bulls,CF Montréal,Red Bull Arena
14,668,2023-05-21 00:30,Philadelphia Union,New England Revolution,Subaru Park
14,669,2023-05-21 03:30,Portland Timbers,Minnesota United FC,Providence Park
14,670,2023-05-21 02:30,St. Louis City SC,Sporting Kansas City,City Park
14,671,2023-05-21 03:30,Vancouver Whitecaps FC,Seattle Sounders FC,BC Place
15,672,2023-05-28 02:30,Colorado Rapids,FC Cincinnati,Dick's Sporting Goods Park
15,673,2023-05-28 01:30,Houston Dynamo FC,Austin FC,Shell Energy Stadium
15,674,2023-05-28 03:30,LA Galaxy,Charlotte FC,Dignity Health Sports Park
15,675,2023-05-28 01:30,Minnesota United FC,Real Salt Lake,Allianz Field
15,676,2023-05-28 00:30,CF Montréal,Inter Miami CF,Stade Saputo
15,677,2023-05-28 00:30,New England Revolution,Chicago Fire FC,Gillette Stadium
15,678,2023-05-28 00:30,New York City FC,Philadelphia Union,Yankee Stadium
15,679,2023-05-28 00:30,Orlando City SC,Atlanta United,Exploria Stadium
15,680,2023-05-28 03:30,San Jose Earthquakes,FC Dallas,PayPal Park
15,681,2023-05-28 03:30,Seattle Sounders FC,New York Red Bulls,Lumen Field
15,682,2023-05-28 01:30,St. Louis City SC,Vancouver Whitecaps FC,City Park
15,683,2023-05-28 00:30,Toronto FC,D.C. United,BMO Field
15,684,2023-05-28 20:00,Sporting Kansas City,Portland Timbers,Children's Mercy Park
15,685,2023-05-29 01:30,Nashville SC,Columbus Crew,GEODIS Park
16,686,2023-06-01 00:30,Atlanta United,New England Revolution,Mercedes-Benz Stadium
16,687,2023-06-01 01:30,Austin FC,Minnesota United FC,Q2 Stadium
16,688,2023-06-01 00:30,Columbus Crew,Colorado Rapids,Lower.com Field
16,689,2023-06-01 00:30,D.C. United,CF Montréal,Audi Field
16,690,2023-06-01 01:30,Sporting Kansas City,FC Dallas,Children's Mercy Park
16,691,2023-06-01 03:30,Los Angeles Football Club,St. Louis City SC,BMO Stadium
16,692,2023-06-01 00:30,Inter Miami CF,New York Red Bulls,DRV PNK Stadium
16,693,2023-06-01 00:30,New York City FC,FC Cincinnati,Yankee Stadium
16,694,2023-06-01 00:30,Philadelphia Union,Charlotte FC,Subaru Park
16,695,2023-06-01 02:30,Real Salt Lake,LA Galaxy,America First Field
16,696,2023-06-01 03:30,Seattle Sounders FC,San Jose Earthquakes,Lumen Field
16,697,2023-06-01 00:30,Toronto FC,Chicago Fire FC,BMO Field
16,698,2023-06-01 03:30,Vancouver Whitecaps FC,Houston Dynamo FC,BC Place
17,699,2023-06-04 01:30,Austin FC,Real Salt Lake,Q2 Stadium
17,700,2023-06-04 00:30,FC Cincinnati,Chicago Fire FC,TQL Stadium
17,701,2023-06-04 02:30,Colorado Rapids,San Jose Earthquakes,Dick's Sporting Goods Park
17,702,2023-06-04 00:30,Columbus Crew,Charlotte FC,Lower.com Field
17,703,2023-06-04 01:30,FC Dallas,Nashville SC,Toyota Stadium
17,704,2023-06-04 03:30,Los Angeles Football Club,Atlanta United,BMO Stadium
17,705,2023-06-04 00:30,Inter Miami CF,D.C. United,DRV PNK Stadium
17,706,2023-06-04 01:30,Minnesota United FC,Toronto FC,Allianz Field
17,707,2023-06-03 05:00,New York City FC,New England Revolution,Yankee Stadium
17,708,2023-06-04 00:30,New York Red Bulls,Orlando City SC,Red Bull Arena
17,709,2023-06-04 00:30,Philadelphia Union,CF Montréal,Subaru Park
17,710,2023-06-03 21:30,Seattle Sounders FC,Portland Timbers,Lumen Field
17,711,2023-06-04 01:30,St. Louis City SC,Houston Dynamo FC,City Park
17,712,2023-06-04 03:30,Vancouver Whitecaps FC,Sporting Kansas City,BC Place
18,713,2023-06-11 00:30,Atlanta United,D.C. United,Mercedes-Benz Stadium
18,714,2023-06-11 00:30,Charlotte FC,Seattle Sounders FC,Bank of America Stadium
18,715,2023-06-11 01:30,Chicago Fire FC,Columbus Crew,Soldier Field
18,716,2023-06-11 01:30,Houston Dynamo FC,Los Angeles Football Club,Shell Energy Stadium
18,717,2023-06-11 01:30,Sporting Kansas City,Austin FC,Children's Mercy Park
18,718,2023-06-11 00:30,CF Montréal,Minnesota United FC,Stade Saputo
18,719,2023-06-11 00:30,New England Revolution,Inter Miami CF,Gillette Stadium
18,720,2023-06-11 00:30,Orlando City SC,Colorado Rapids,Exploria Stadium
18,721,2023-06-11 02:30,Real Salt Lake,New York City FC,America First Field
18,722,2023-06-11 03:30,San Jose Earthquakes,Philadelphia Union,PayPal Park
18,723,2023-06-11 00:30,Toronto FC,Nashville SC,BMO Field
18,724,2023-06-11 03:30,Vancouver Whitecaps FC,FC Cincinnati,BC Place
18,725,2023-06-12 03:00,Portland Timbers,FC Dallas,Providence Park
18,726,2023-06-11 18:00,St. Louis City SC,LA Galaxy,City Park
19,727,2023-06-18 00:30,D.C. United,Real Salt Lake,Audi Field
19,728,2023-06-18 01:30,Sporting Kansas City,Los Angeles Football Club,Children's Mercy Park
19,729,2023-06-18 01:30,Nashville SC,St. Louis City SC,GEODIS Park
19,730,2023-06-18 00:30,New England Revolution,Orlando City SC,Gillette Stadium
19,731,2023-06-17 05:00,New York City FC,Columbus Crew,Yankee Stadium
19,732,2023-06-18 03:30,San Jose Earthquakes,Portland Timbers,PayPal Park
20,733,2023-06-22 00:30,Atlanta United,New York City FC,Mercedes-Benz Stadium
20,734,2023-06-22 01:30,Austin FC,FC Dallas,Q2 Stadium
20,735,2023-06-22 00:30,FC Cincinnati,Toronto FC,TQL Stadium
20,736,2023-06-22 02:30,Colorado Rapids,Vancouver Whitecaps FC,Dick's Sporting Goods Park
20,737,2023-06-22 01:30,Houston Dynamo FC,San Jose Earthquakes,Shell Energy Stadium
20,738,2023-06-22 03:30,LA Galaxy,Sporting Kansas City,Dignity Health Sports Park
20,739,2023-06-22 03:30,Los Angeles Football Club,Seattle Sounders FC,BMO Stadium
20,740,2023-06-22 01:30,Minnesota United FC,New England Revolution,Allianz Field
20,741,2023-06-22 00:30,CF Montréal,Nashville SC,Stade Saputo
20,742,2023-06-22 00:30,New York Red Bulls,Charlotte FC,Red Bull Arena
20,743,2023-06-22 00:30,Orlando City SC,Philadelphia Union,Exploria Stadium
20,744,2023-06-22 03:30,Portland Timbers,Chicago Fire FC,Providence Park
20,745,2023-06-22 01:30,St. Louis City SC,Real Salt Lake,City Park
21,746,2023-06-25 01:30,Austin FC,Houston Dynamo FC,Q2 Stadium
21,747,2023-06-25 00:30,Charlotte FC,CF Montréal,Bank of America Stadium
21,748,2023-06-25 02:30,Colorado Rapids,LA Galaxy,Dick's Sporting Goods Park
21,749,2023-06-25 00:30,Columbus Crew,Nashville SC,Lower.com Field
21,750,2023-06-25 00:30,D.C. United,FC Cincinnati,Audi Field
21,751,2023-06-25 01:30,Sporting Kansas City,Chicago Fire FC,Children's Mercy Park
21,752,2023-06-25 03:30,Los Angeles Football Club,Vancouver Whitecaps FC,BMO Stadium
21,753,2023-06-25 00:30,New England Revolution,Toronto FC,Gillette Stadium
21,754,2023-06-25 00:30,New York Red Bulls,Atlanta United,Red Bull Arena
21,755,2023-06-25 00:30,Philadelphia Union,Inter Miami CF,Subaru Park
21,756,2023-06-25 03:30,Portland Timbers,New York City FC,Providence Park
21,757,2023-06-25 02:30,Real Salt Lake,Minnesota United FC,America First Field
21,758,2023-06-25 03:30,San Jose Earthquakes,St. Louis City SC,PayPal Park
21,759,2023-06-25 03:30,Seattle Sounders FC,Orlando City SC,Lumen Field
22,760,2023-07-02 00:30,FC Cincinnati,New England Revolution,TQL Stadium
22,761,2023-07-02 00:30,Columbus Crew,New York Red Bulls,Lower.com Field
22,762,2023-07-02 01:30,FC Dallas,Los Angeles Football Club,Toyota Stadium
22,763,2023-07-02 01:30,Sporting Kansas City,Vancouver Whitecaps FC,Children's Mercy Park
22,764,2023-07-02 00:30,Inter Miami CF,Austin FC,DRV PNK Stadium
22,765,2023-07-02 01:30,Minnesota United FC,Portland Timbers,Allianz Field
22,766,2023-07-02 00:30,CF Montréal,New York City FC,Stade Saputo
22,767,2023-07-02 01:30,Nashville SC,D.C. United,GEODIS Park
22,768,2023-07-02 00:30,Orlando City SC,Chicago Fire FC,Exploria Stadium
22,769,2023-07-02 03:30,San Jose Earthquakes,LA Galaxy,PayPal Park
22,770,2023-07-02 03:30,Seattle Sounders FC,Houston Dynamo FC,Lumen Field
22,771,2023-07-02 01:30,St. Louis City SC,Colorado Rapids,City Park
22,772,2023-07-02 00:30,Toronto FC,Real Salt Lake,BMO Field
22,773,2023-07-02 21:00,Atlanta United,Philadelphia Union,Mercedes-Benz Stadium
23,774,2023-07-05 02:30,Colorado Rapids,Portland Timbers,Dick's Sporting Goods Park
23,775,2023-07-05 01:30,FC Dallas,D.C. United,Toyota Stadium
23,776,2023-07-05 03:30,LA Galaxy,St. Louis City SC,Dignity Health Sports Park
23,777,2023-07-05 00:30,Inter Miami CF,Columbus Crew,DRV PNK Stadium
23,778,2023-07-05 00:30,Orlando City SC,Toronto FC,Exploria Stadium
23,779,2023-07-06 00:30,New York City FC,Charlotte FC,Yankee Stadium
24,780,2023-07-09 00:30,Charlotte FC,FC Cincinnati,Bank of America Stadium
24,781,2023-07-09 01:30,Chicago Fire FC,Nashville SC,Soldier Field
24,782,2023-07-09 02:30,Colorado Rapids,FC Dallas,Dick's Sporting Goods Park
24,783,2023-07-09 00:30,Columbus Crew,New York City FC,Lower.com Field
24,784,2023-07-09 00:30,D.C. United,Inter Miami CF,Audi Field
24,785,2023-07-09 01:30,Houston Dynamo FC,Sporting Kansas City,Shell Energy Stadium
24,786,2023-07-09 03:30,LA Galaxy,Philadelphia Union,Dignity Health Sports Park
24,787,2023-07-09 03:30,Los Angeles Football Club,San Jose Earthquakes,BMO Stadium
24,788,2023-07-09 01:30,Minnesota United FC,Austin FC,Allianz Field
24,789,2023-07-09 00:30,CF Montréal,Atlanta United,Stade Saputo
24,790,2023-07-09 00:30,New York Red Bulls,New England Revolution,Red Bull Arena
24,791,2023-07-09 02:30,Real Salt Lake,Orlando City SC,America First Field
24,792,2023-07-09 00:30,Toronto FC,St. Louis City SC,BMO Field
24,793,2023-07-09 03:30,Vancouver Whitecaps FC,Seattle Sounders FC,BC Place
25,794,2023-07-13 01:30,Chicago Fire FC,CF Montréal,Soldier Field
25,795,2023-07-13 01:30,Houston Dynamo FC,Minnesota United FC,Shell Energy Stadium
25,796,2023-07-13 01:30,Sporting Kansas City,Real Salt Lake,Children's Mercy Park
25,797,2023-07-13 01:30,Nashville SC,Philadelphia Union,GEODIS Park
25,798,2023-07-13 00:30,New England Revolution,Atlanta United,Gillette Stadium
25,799,2023-07-13 00:30,New York Red Bulls,FC Cincinnati,Red Bull Arena
25,800,2023-07-13 03:30,San Jose Earthquakes,Seattle Sounders FC,PayPal Park
25,801,2023-07-13 03:30,Vancouver Whitecaps FC,Austin FC,BC Place
26,802,2023-07-16 00:30,Atlanta United,Orlando City SC,Mercedes-Benz Stadium
26,803,2023-07-16 01:30,Austin FC,Sporting Kansas City,Q2 Stadium
26,804,2023-07-16 01:30,Chicago Fire FC,Toronto FC,Soldier Field
26,805,2023-07-16 00:30,FC Cincinnati,Nashville SC,TQL Stadium
26,806,2023-07-16 02:30,Colorado Rapids,Houston Dynamo FC,Dick's Sporting Goods Park
26,807,2023-07-16 01:30,Minnesota United FC,Los Angeles Football Club,Allianz Field
26,808,2023-07-16 00:30,CF Montréal,Charlotte FC,Stade Saputo
26,809,2023-07-16 00:30,New England Revolution,D.C. United,Gillette Stadium
26,810,2023-07-16 00:30,Philadelphia Union,New York City FC,Subaru Park
26,811,2023-07-16 03:30,Portland Timbers,Columbus Crew,Providence Park
26,812,2023-07-16 02:30,Real Salt Lake,New York Red Bulls,America First Field
26,813,2023-07-16 03:30,Seattle Sounders FC,FC Dallas,Lumen Field
26,814,2023-07-16 01:30,St. Louis City SC,Inter Miami CF,City Park
26,815,2023-07-16 03:30,Vancouver Whitecaps FC,LA Galaxy,BC Place
27,816,2023-08-21 01:30,Chicago Fire FC,Orlando City SC,Soldier Field
27,817,2023-08-21 00:30,Columbus Crew,FC Cincinnati,Lower.com Field
27,818,2023-08-21 01:30,Houston Dynamo FC,Portland Timbers,Shell Energy Stadium
27,819,2023-08-21 03:30,LA Galaxy,Real Salt Lake,Dignity Health Sports Park
27,820,2023-08-21 03:30,Los Angeles Football Club,Colorado Rapids,BMO Stadium
27,821,2023-08-21 00:30,Inter Miami CF,Charlotte FC,DRV PNK Stadium
27,822,2023-08-21 01:30,Nashville SC,New England Revolution,GEODIS Park
27,823,2023-08-21 00:30,New York City FC,Minnesota United FC,Yankee Stadium
27,824,2023-08-21 00:30,New York Red Bulls,D.C. United,Red Bull Arena
27,825,2023-08-21 00:30,Philadelphia Union,FC Dallas,Subaru Park
27,826,2023-08-21 03:30,Seattle Sounders FC,Atlanta United,Lumen Field
27,827,2023-08-21 02:30,St. Louis City SC,Austin FC,City Park
27,828,2023-08-21 00:30,Toronto FC,CF Montréal,BMO Field
27,829,2023-08-21 03:30,Vancouver Whitecaps FC,San Jose Earthquakes,BC Place
28,830,2023-08-27 00:30,Atlanta United,Nashville SC,Mercedes-Benz Stadium
28,831,2023-08-27 00:30,Charlotte FC,Los Angeles Football Club,Bank of America Stadium
28,832,2023-08-27 00:30,FC Cincinnati,New York City FC,TQL Stadium
28,833,2023-08-27 00:30,Columbus Crew,Toronto FC,Lower.com Field
28,834,2023-08-27 01:30,FC Dallas,Austin FC,Toyota Stadium
28,835,2023-08-27 00:30,D.C. United,Philadelphia Union,Audi Field
28,836,2023-08-27 01:30,Sporting Kansas City,San Jose Earthquakes,Children's Mercy Park
28,837,2023-08-27 03:30,LA Galaxy,Chicago Fire FC,Dignity Health Sports Park
28,838,2023-08-27 00:30,CF Montréal,New England Revolution,Stade Saputo
28,839,2023-08-27 00:30,New York Red Bulls,Inter Miami CF,Red Bull Arena
28,840,2023-08-27 00:30,Orlando City SC,St. Louis City SC,Exploria Stadium
28,841,2023-08-27 03:30,Portland Timbers,Vancouver Whitecaps FC,Providence Park
28,842,2023-08-27 02:30,Real Salt Lake,Houston Dynamo FC,America First Field
28,843,2023-08-27 21:30,Minnesota United FC,Seattle Sounders FC,Allianz Field
29,844,2023-08-31 00:30,Atlanta United,FC Cincinnati,Mercedes-Benz Stadium
29,845,2023-08-31 01:30,Austin FC,Seattle Sounders FC,Q2 Stadium
29,846,2023-08-31 00:30,Charlotte FC,Orlando City SC,Bank of America Stadium
29,847,2023-08-31 01:30,Chicago Fire FC,Vancouver Whitecaps FC,Soldier Field
29,848,2023-08-31 01:30,Houston Dynamo FC,Columbus Crew,Shell Energy Stadium
29,849,2023-08-31 00:30,Inter Miami CF,Nashville SC,DRV PNK Stadium
29,850,2023-08-31 01:30,Minnesota United FC,Colorado Rapids,Allianz Field
29,851,2023-08-31 00:30,New England Revolution,New York Red Bulls,Gillette Stadium
29,852,2023-08-31 00:30,New York City FC,CF Montréal,Yankee Stadium
29,853,2023-08-31 03:30,Portland Timbers,Real Salt Lake,Providence Park
29,854,2023-08-31 03:30,San Jose Earthquakes,LA Galaxy,PayPal Park
29,855,2023-08-31 01:30,St. Louis City SC,FC Dallas,City Park
29,856,2023-08-31 00:30,Toronto FC,Philadelphia Union,BMO Field
30,857,2023-09-03 00:30,FC Cincinnati,Orlando City SC,TQL Stadium
30,858,2023-09-03 01:30,FC Dallas,Atlanta United,Toyota Stadium
30,859,2023-09-03 00:30,D.C. United,Chicago Fire FC,Audi Field
30,860,2023-09-03 01:30,Sporting Kansas City,St. Louis City SC,Children's Mercy Park
30,861,2023-09-03 03:30,LA Galaxy,Houston Dynamo FC,Dignity Health Sports Park
30,862,2023-09-03 03:30,Los Angeles Football Club,Inter Miami CF,BMO Stadium
30,863,2023-09-03 00:30,CF Montréal,Columbus Crew,Stade Saputo
30,864,2023-09-03 01:30,Nashville SC,Charlotte FC,GEODIS Park
30,865,2023-09-03 00:30,New England Revolution,Austin FC,Gillette Stadium
30,866,2023-09-02 05:00,New York City FC,Vancouver Whitecaps FC,Yankee Stadium
30,867,2023-09-03 02:30,Real Salt Lake,Colorado Rapids,America First Field
30,868,2023-09-03 03:30,San Jose Earthquakes,Minnesota United FC,PayPal Park
30,869,2023-09-03 03:30,Seattle Sounders FC,Portland Timbers,Lumen Field
30,870,2023-09-04 00:30,Philadelphia Union,New York Red Bulls,Subaru Park
31,871,2023-09-10 00:30,D.C. United,San Jose Earthquakes,Audi Field
31,872,2023-09-10 00:30,Inter Miami CF,Sporting Kansas City,DRV PNK Stadium
31,873,2023-09-10 03:30,Portland Timbers,Los Angeles Football Club,Providence Park
32,874,2023-09-17 00:30,Atlanta United,Inter Miami CF,Mercedes-Benz Stadium
32,875,2023-09-17 00:30,Charlotte FC,D.C. United,Bank of America Stadium
32,876,2023-09-17 02:30,Colorado Rapids,New England Revolution,Dick's Sporting Goods Park
32,877,2023-09-17 01:30,FC Dallas,Seattle Sounders FC,Toyota Stadium
32,878,2023-09-17 01:30,Houston Dynamo FC,St. Louis City SC,Shell Energy Stadium
32,879,2023-09-17 03:30,Los Angeles Football Club,LA Galaxy,BMO Stadium
32,880,2023-09-17 01:30,Minnesota United FC,Sporting Kansas City,Allianz Field
32,881,2023-09-17 00:30,CF Montréal,Chicago Fire FC,Stade Saputo
32,882,2023-09-16 05:00,New York City FC,New York Red Bulls,Yankee Stadium
32,883,2023-09-17 00:30,Orlando City SC,Columbus Crew,Exploria Stadium
32,884,2023-09-17 00:30,Philadelphia Union,FC Cincinnati,Subaru Park
32,885,2023-09-17 03:30,San Jose Earthquakes,Real Salt Lake,PayPal Park
32,886,2023-09-17 00:30,Toronto FC,Vancouver Whitecaps FC,BMO Field
32,887,2023-09-18 01:30,Austin FC,Portland Timbers,Q2 Stadium
33,888,2023-09-21 00:30,Charlotte FC,Philadelphia Union,Bank of America Stadium
33,889,2023-09-21 02:30,Colorado Rapids,Seattle Sounders FC,Dick's Sporting Goods Park
33,890,2023-09-21 00:30,Columbus Crew,Chicago Fire FC,Lower.com Field
33,891,2023-09-21 00:30,D.C. United,Atlanta United,Audi Field
33,892,2023-09-21 01:30,Houston Dynamo FC,Vancouver Whitecaps FC,Shell Energy Stadium
33,893,2023-09-21 01:30,Sporting Kansas City,Nashville SC,Children's Mercy Park
33,894,2023-09-21 03:30,LA Galaxy,Minnesota United FC,Dignity Health Sports Park
33,895,2023-09-21 00:30,Inter Miami CF,Toronto FC,DRV PNK Stadium
33,896,2023-09-21 00:30,CF Montréal,FC Cincinnati,Stade Saputo
33,897,2023-09-21 00:30,New York City FC,Orlando City SC,Yankee Stadium
33,898,2023-09-21 00:30,New York Red Bulls,Austin FC,Red Bull Arena
33,899,2023-09-21 03:30,Portland Timbers,San Jose Earthquakes,Providence Park
33,900,2023-09-21 02:30,Real Salt Lake,FC Dallas,America First Field
33,901,2023-09-21 01:30,St. Louis City SC,Los Angeles Football Club,City Park
34,902,2023-09-24 00:30,Atlanta United,CF Montréal,Mercedes-Benz Stadium
34,903,2023-09-24 01:30,Chicago Fire FC,New England Revolution,Soldier Field
34,904,2023-09-24 00:30,FC Cincinnati,Charlotte FC,TQL Stadium
34,905,2023-09-24 01:30,FC Dallas,Columbus Crew,Toyota Stadium
34,906,2023-09-24 00:30,D.C. United,New York Red Bulls,Audi Field
34,907,2023-09-24 01:30,Sporting Kansas City,Houston Dynamo FC,Children's Mercy Park
34,908,2023-09-24 01:30,Minnesota United FC,St. Louis City SC,Allianz Field
34,909,2023-09-24 00:30,New York City FC,Toronto FC,Yankee Stadium
34,910,2023-09-24 00:30,Philadelphia Union,Los Angeles Football Club,Subaru Park
34,911,2023-09-24 03:30,Portland Timbers,Colorado Rapids,Providence Park
34,912,2023-09-24 02:30,Real Salt Lake,Vancouver Whitecaps FC,America First Field
34,913,2023-09-24 03:30,San Jose Earthquakes,Nashville SC,PayPal Park
34,914,2023-09-25 02:30,Austin FC,LA Galaxy,Q2 Stadium
34,915,2023-09-25 00:30,Orlando City SC,Inter Miami CF,Exploria Stadium
35,916,2023-10-01 02:30,Colorado Rapids,Austin FC,Dick's Sporting Goods Park
35,917,2023-10-01 00:30,Columbus Crew,Philadelphia Union,Lower.com Field
35,918,2023-10-01 01:30,Houston Dynamo FC,FC Dallas,Shell Energy Stadium
35,919,2023-10-01 03:30,LA Galaxy,Portland Timbers,Dignity Health Sports Park
35,920,2023-10-01 00:30,Inter Miami CF,New York City FC,DRV PNK Stadium
35,921,2023-10-01 01:30,Minnesota United FC,San Jose Earthquakes,Allianz Field
35,922,2023-10-01 01:30,Nashville SC,Seattle Sounders FC,GEODIS Park
35,923,2023-10-01 00:30,New England Revolution,Charlotte FC,Gillette Stadium
35,924,2023-10-01 00:30,New York Red Bulls,Chicago Fire FC,Red Bull Arena
35,925,2023-10-01 00:30,Orlando City SC,CF Montréal,Exploria Stadium
35,926,2023-10-01 01:30,St. Louis City SC,Sporting Kansas City,City Park
35,927,2023-10-01 00:30,Toronto FC,FC Cincinnati,BMO Field
35,928,2023-10-01 03:30,Vancouver Whitecaps FC,D.C. United,BC Place
35,929,2023-10-02 01:00,Los Angeles Football Club,Real Salt Lake,BMO Stadium
36,930,2023-10-05 01:30,Austin FC,D.C. United,Q2 Stadium
36,931,2023-10-05 00:30,Charlotte FC,Toronto FC,Bank of America Stadium
36,932,2023-10-05 01:30,Chicago Fire FC,Inter Miami CF,Soldier Field
36,933,2023-10-05 00:30,FC Cincinnati,New York Red Bulls,TQL Stadium
36,934,2023-10-05 01:30,FC Dallas,Colorado Rapids,Toyota Stadium
36,935,2023-10-05 03:30,Los Angeles Football Club,Minnesota United FC,BMO Stadium
36,936,2023-10-05 00:30,CF Montréal,Houston Dynamo FC,Stade Saputo
36,937,2023-10-05 01:30,Nashville SC,Orlando City SC,GEODIS Park
36,938,2023-10-05 00:30,New England Revolution,Columbus Crew,Gillette Stadium
36,939,2023-10-05 00:30,Philadelphia Union,Atlanta United,Subaru Park
36,940,2023-10-05 03:30,Seattle Sounders FC,LA Galaxy,Lumen Field
36,941,2023-10-05 03:30,Vancouver Whitecaps FC,St. Louis City SC,BC Place
37,942,2023-10-08 00:30,Atlanta United,Columbus Crew,Mercedes-Benz Stadium
37,943,2023-10-08 01:30,Austin FC,Los Angeles Football Club,Q2 Stadium
37,944,2023-10-08 01:30,Chicago Fire FC,Charlotte FC,Soldier Field
37,945,2023-10-08 01:30,FC Dallas,San Jose Earthquakes,Toyota Stadium
37,946,2023-10-08 00:30,D.C. United,New York City FC,Audi Field
37,947,2023-10-08 01:30,Houston Dynamo FC,Colorado Rapids,Shell Energy Stadium
37,948,2023-10-08 00:30,Inter Miami CF,FC Cincinnati,DRV PNK Stadium
37,949,2023-10-08 01:30,Minnesota United FC,LA Galaxy,Allianz Field
37,950,2023-10-08 00:30,CF Montréal,Portland Timbers,Stade Saputo
37,951,2023-10-08 00:30,New York Red Bulls,Toronto FC,Red Bull Arena
37,952,2023-10-08 00:30,Orlando City SC,New England Revolution,Exploria Stadium
37,953,2023-10-08 00:30,Philadelphia Union,Nashville SC,Subaru Park
37,954,2023-10-08 02:30,Real Salt Lake,Sporting Kansas City,America First Field
37,955,2023-10-08 03:30,Seattle Sounders FC,Vancouver Whitecaps FC,Lumen Field
38,956,2023-10-21 05:00,Charlotte FC,Inter Miami CF,Bank of America Stadium
38,957,2023-10-21 05:00,FC Cincinnati,Atlanta United,TQL Stadium
38,958,2023-10-21 05:00,Colorado Rapids,Real Salt Lake,Dick's Sporting Goods Park
38,959,2023-10-21 05:00,Columbus Crew,CF Montréal,Lower.com Field
38,960,2023-10-21 05:00,Sporting Kansas City,Minnesota United FC,Children's Mercy Park
38,961,2023-10-21 05:00,LA Galaxy,FC Dallas,Dignity Health Sports Park
38,962,2023-10-21 05:00,Nashville SC,New York Red Bulls,GEODIS Park
38,963,2023-10-21 05:00,New England Revolution,Philadelphia Union,Gillette Stadium
38,964,2023-10-21 05:00,New York City FC,Chicago Fire FC,Yankee Stadium
38,965,2023-10-21 05:00,Portland Timbers,Houston Dynamo FC,Providence Park
38,966,2023-10-21 05:00,San Jose Earthquakes,Austin FC,PayPal Park
38,967,2023-10-21 05:00,St. Louis City SC,Seattle Sounders FC,City Park
38,968,2023-10-21 05:00,Toronto FC,Orlando City SC,BMO Field
38,969,2023-10-21 05:00,Vancouver Whitecaps FC,Los Angeles Football Club,BC Place
